	asin	review	title	body	link	rating	date
0	B073JYC4XM	R34BMDFFVZ2SMN	The Only Brand to Buy	Trusted brand. Usually goes on a great sale often.	https://www.amazon.com/gp/customer-reviews/R34BMDFFVZ2SMN/ref=cm_cr_arp_d_rvw_ttl?ie=UTF8&ASIN=B073JYC4XM	5	2022-11-02T00:00:00.000Z
1	B073JYC4XM	R33EUPQ5KPN9F7	La capacidad	Para tel√©fono Samsum	https://www.amazon.com/gp/customer-reviews/R33EUPQ5KPN9F7/ref=cm_cr_arp_d_rvw_ttl?ie=UTF8&ASIN=B073JYC4XM	5	2022-10-31T00:00:00.000Z
2	B073JYC4XM	R13J6WVWHK71F8	Great for my AKASO camera	The accessories worked great with my AKASO camera.	https://www.amazon.com/gp/customer-reviews/R13J6WVWHK71F8/ref=cm_cr_arp_d_rvw_ttl?ie=UTF8&ASIN=B073JYC4XM	5	2022-10-30T00:00:00.000Z
3	B073JYC4XM	R1561JZUATH9PD	Works As Advertised	I used this in a dashcam attached to my rear view mirror, and even in the Florida heat during the Summer, it never corrupted.	https://www.amazon.com/gp/customer-reviews/R1561JZUATH9PD/ref=cm_cr_arp_d_rvw_ttl?ie=UTF8&ASIN=B073JYC4XM	5	2022-10-30T00:00:00.000Z
4	B073JYC4XM	R3QP8WEGIRFIJN	Great and Fast	Fast speeds, quick to read and write data. I had used it originally for a cell phone and then started using it for my Nintendo Switch after transferring all files and photos to the laptop and formatting the SD.	https://www.amazon.com/gp/customer-reviews/R3QP8WEGIRFIJN/ref=cm_cr_arp_d_rvw_ttl?ie=UTF8&ASIN=B073JYC4XM	5	2022-10-29T00:00:00.000Z
5	B073JYC4XM	RL3847A9Y1U6C	Works great	Easy to install, good storage capacity for now, will upgrade to larger of same model if needed.	https://www.amazon.com/gp/customer-reviews/RL3847A9Y1U6C/ref=cm_cr_arp_d_rvw_ttl?ie=UTF8&ASIN=B073JYC4XM	5	2022-10-28T00:00:00.000Z
6	B073JYC4XM	RF12BSR0LRXGH	It does what it's supposed to do	It's an SD card. What is there to say.	https://www.amazon.com/gp/customer-reviews/RF12BSR0LRXGH/ref=cm_cr_arp_d_rvw_ttl?ie=UTF8&ASIN=B073JYC4XM	5	2022-10-26T00:00:00.000Z
7	B073JYC4XM	R2GQT9DTEKGY0K	Stopped working	Stopped working after 4 years	https://www.amazon.com/gp/customer-reviews/R2GQT9DTEKGY0K/ref=cm_cr_arp_d_rvw_ttl?ie=UTF8&ASIN=B073JYC4XM	1	2022-10-25T00:00:00.000Z
8	B073JYC4XM	R35LFL5DB8WNDO	Quadrupled my Smartphone memory Easy and Fast	Wow! It was so easy to add this memory to my Android phone and increase my memory for songs, pictures and documents 400%. And my phone accesses this memory card just as if it's always been in the phone - so easy. My phone memory was close to full and I added this 128GB micro SD memory in my phone's memory slot and moved pictures, music and documents to this memory card with the Android My Files app so my phones has lots of memory free now. For about $16 my Android phone is working smoothly and its memory is not almost full any more. What a great buy this 128GB SD micro memory card was.	https://www.amazon.com/gp/customer-reviews/R35LFL5DB8WNDO/ref=cm_cr_arp_d_rvw_ttl?ie=UTF8&ASIN=B073JYC4XM	5	2022-10-25T00:00:00.000Z
9	B073JYC4XM	R1DGZGJR2SGHAL	Received and worked	Used this to help update a GPS.	https://www.amazon.com/gp/customer-reviews/R1DGZGJR2SGHAL/ref=cm_cr_arp_d_rvw_ttl?ie=UTF8&ASIN=B073JYC4XM	5	2022-10-24T00:00:00.000Z
10	B073JYC4XM	R1UXPVWRV713N1	Good	Thank you	https://www.amazon.com/gp/customer-reviews/R1UXPVWRV713N1/ref=cm_cr_arp_d_rvw_ttl?ie=UTF8&ASIN=B073JYC4XM	5	2022-10-24T00:00:00.000Z
11	B073JYC4XM	R3S0XWYBTD8QI8	It is what it is!	Just as described	https://www.amazon.com/gp/customer-reviews/R3S0XWYBTD8QI8/ref=cm_cr_arp_d_rvw_ttl?ie=UTF8&ASIN=B073JYC4XM	5	2022-10-24T00:00:00.000Z
12	B073JYC4XM	RJXQSVODSVERK	working well	This product is just as I expected. It is working very well.	https://www.amazon.com/gp/customer-reviews/RJXQSVODSVERK/ref=cm_cr_arp_d_rvw_ttl?ie=UTF8&ASIN=B073JYC4XM	5	2022-10-22T00:00:00.000Z
13	B073JYC4XM	RHW3BD2GC12QR	These are perfect quality for our Camera	The convenience of quick replacement while shooting videos	https://www.amazon.com/gp/customer-reviews/RHW3BD2GC12QR/ref=cm_cr_arp_d_rvw_ttl?ie=UTF8&ASIN=B073JYC4XM	5	2022-10-21T00:00:00.000Z
14	B073JYC4XM	R62NY1WAZAGZ5	it works	working great in my mp3	https://www.amazon.com/gp/customer-reviews/R62NY1WAZAGZ5/ref=cm_cr_arp_d_rvw_ttl?ie=UTF8&ASIN=B073JYC4XM	5	2022-10-21T00:00:00.000Z
15	B073JYC4XM	RVLX9TQFGB7FI	As advertised	One of my few trusted brands for SD cards.	https://www.amazon.com/gp/customer-reviews/RVLX9TQFGB7FI/ref=cm_cr_arp_d_rvw_ttl?ie=UTF8&ASIN=B073JYC4XM	5	2022-10-20T00:00:00.000Z
16	B073JYC4XM	R27LJG3RSLZABY	Working?	Have not been able to have it function	https://www.amazon.com/gp/customer-reviews/R27LJG3RSLZABY/ref=cm_cr_arp_d_rvw_ttl?ie=UTF8&ASIN=B073JYC4XM	4	2022-10-19T00:00:00.000Z
17	B073JYC4XM	R3BV72ONDNYIDM	Works	Works as expected	https://www.amazon.com/gp/customer-reviews/R3BV72ONDNYIDM/ref=cm_cr_arp_d_rvw_ttl?ie=UTF8&ASIN=B073JYC4XM	5	2022-10-19T00:00:00.000Z
18	B073JYC4XM	R3EG1AU6BUAB90	SanDisk 32GB Ultra micro SDHC UHS-I Memory Card	Super price and a very reliable brand.	https://www.amazon.com/gp/customer-reviews/R3EG1AU6BUAB90/ref=cm_cr_arp_d_rvw_ttl?ie=UTF8&ASIN=B073JYC4XM	5	2022-10-19T00:00:00.000Z
19	B073JYC4XM	R2KJ3360U2R2SG	Needed parts	Exactly what we needed!	https://www.amazon.com/gp/customer-reviews/R2KJ3360U2R2SG/ref=cm_cr_arp_d_rvw_ttl?ie=UTF8&ASIN=B073JYC4XM	5	2022-10-18T00:00:00.000Z
20	B073JYC4XM	R1YLVJ4GJR557	Great Deal On Sale	If these are on sale for around $10 it is a great deal.	https://www.amazon.com/gp/customer-reviews/R1YLVJ4GJR557/ref=cm_cr_arp_d_rvw_ttl?ie=UTF8&ASIN=B073JYC4XM	3	2022-10-18T00:00:00.000Z
21	B073JYC4XM	R2JRCBMTJ6Y9VT	What I Needed	Used in my tablet to store movies and TV series and works great. Have only used 300gb though so I have plenty of room left. Recommend	https://www.amazon.com/gp/customer-reviews/R2JRCBMTJ6Y9VT/ref=cm_cr_arp_d_rvw_ttl?ie=UTF8&ASIN=B073JYC4XM	5	2022-10-17T00:00:00.000Z
22	B073JYC4XM	RMEWQR3QQP5W3	Best value & quality on the market!	I bought the micro SD Card for my Garmin GPS so I can store more maps and update the data and software.	https://www.amazon.com/gp/customer-reviews/RMEWQR3QQP5W3/ref=cm_cr_arp_d_rvw_ttl?ie=UTF8&ASIN=B073JYC4XM	5	2022-10-17T00:00:00.000Z
23	B073JYC4XM	R34YNMFMYD5SOH	Pleased	Love my camera and scan card	https://www.amazon.com/gp/customer-reviews/R34YNMFMYD5SOH/ref=cm_cr_arp_d_rvw_ttl?ie=UTF8&ASIN=B073JYC4XM	5	2022-10-16T00:00:00.000Z
24	B073JYC4XM	R1B5GDR9R8Q9GV	Like these micro SD cards	The SD card I was sent was bad so I could not use it even tried to format it and no go. Trashed it and had to buy another locally. Don‚Äôt blame seller for this however.	https://www.amazon.com/gp/customer-reviews/R1B5GDR9R8Q9GV/ref=cm_cr_arp_d_rvw_ttl?ie=UTF8&ASIN=B073JYC4XM	1	2022-10-16T00:00:00.000Z
25	B073JYC4XM	R2WMQDNK01FYJT	Worked great while it worked. Corrupted out of no where	Worked great in my phone for years. Randomly corrupted today and can't write to it anymore.	https://www.amazon.com/gp/customer-reviews/R2WMQDNK01FYJT/ref=cm_cr_arp_d_rvw_ttl?ie=UTF8&ASIN=B073JYC4XM	1	2022-10-11T00:00:00.000Z
26	B073JYC4XM	RFE5W3656JM6P	great buy!!!!	would buy again	https://www.amazon.com/gp/customer-reviews/RFE5W3656JM6P/ref=cm_cr_arp_d_rvw_ttl?ie=UTF8&ASIN=B073JYC4XM	5	2022-10-10T00:00:00.000Z
27	B073JYC4XM	R3FL7675MCW3BS	Excellent	Excellent	https://www.amazon.com/gp/customer-reviews/R3FL7675MCW3BS/ref=cm_cr_arp_d_rvw_ttl?ie=UTF8&ASIN=B073JYC4XM	5	2022-10-10T00:00:00.000Z
28	B073JYC4XM	R2MEMRRE8JGZKA	Works great !!	Works great just how you would want it !	https://www.amazon.com/gp/customer-reviews/R2MEMRRE8JGZKA/ref=cm_cr_arp_d_rvw_ttl?ie=UTF8&ASIN=B073JYC4XM	5	2022-10-10T00:00:00.000Z
29	B073JYC4XM	RCZ88O9Z4O6R2	Great first card for the Switch	First card I used for my switch, took me about a year to outgrow.	https://www.amazon.com/gp/customer-reviews/RCZ88O9Z4O6R2/ref=cm_cr_arp_d_rvw_ttl?ie=UTF8&ASIN=B073JYC4XM	5	2022-10-08T00:00:00.000Z
30	B09DFHJTF5	R2N0NEH94OLPLX	Worlds best sister	Don‚Äôt know anything about PlayStations but my brother wanted one for Christmas and I was too scared to get it through anywhere else so I put myself on the waitlist and got the invitation for this one so I had to get it ! He told me he didn‚Äôt mind it being digital too. Where‚Äôs my award at ?	https://www.amazon.com/gp/customer-reviews/R2N0NEH94OLPLX/ref=cm_cr_arp_d_rvw_ttl?ie=UTF8&ASIN=B09DFHJTF5	5	2022-11-01T00:00:00.000Z
31	B09DFHJTF5	RJYUOWYNXGI19	No invitation	I can't get my invitation Idk why :(	https://www.amazon.com/gp/customer-reviews/RJYUOWYNXGI19/ref=cm_cr_arp_d_rvw_ttl?ie=UTF8&ASIN=B09DFHJTF5	5	2022-10-31T00:00:00.000Z
32	B09DFHJTF5	R2ZMEN5CQTES29	Invite please	Lol im just hoping i can be given the invite, Ive waited for what feels like an eternity, please Playstaion	https://www.amazon.com/gp/customer-reviews/R2ZMEN5CQTES29/ref=cm_cr_arp_d_rvw_ttl?ie=UTF8&ASIN=B09DFHJTF5	5	2022-10-29T00:00:00.000Z
33	B09DFHJTF5	R2BF961CX7OG8G	Thank you	We sent our invite and after 2 day we were invited to buy the PS5 for its regular price when we've tried everywhere else and couldn't get one since last year so thank you we won't be open until Christmas worth the wait	https://www.amazon.com/gp/customer-reviews/R2BF961CX7OG8G/ref=cm_cr_arp_d_rvw_ttl?ie=UTF8&ASIN=B09DFHJTF5	5	2022-10-29T00:00:00.000Z
34	B09DFHJTF5	R3ACH68OOVY4SH	PS5 box damaged	Outside amazon box was fine but the ps5 box looked like it was ripped open. The wrapper thats around the ps5 seems like someone had already taken a peek.	https://www.amazon.com/gp/customer-reviews/R3ACH68OOVY4SH/ref=cm_cr_arp_d_rvw_ttl?ie=UTF8&ASIN=B09DFHJTF5	1	2022-10-28T00:00:00.000Z
35	B09DFHJTF5	R1S0JH8LQJYY6W	Amazing Console!	Great to play games at high quality.	https://www.amazon.com/gp/customer-reviews/R1S0JH8LQJYY6W/ref=cm_cr_arp_d_rvw_ttl?ie=UTF8&ASIN=B09DFHJTF5	5	2022-10-28T00:00:00.000Z
36	B09DFHJTF5	R3E2FZ2FUDOJ6G	Got mine!	I was able to get two invites (luckily) so i purchased one for me, and the other for my cousin. I refuse to pay $600-700 dollars for a console. Everything was brand new straight out the box no issues here! Thanks Amazon!	https://www.amazon.com/gp/customer-reviews/R3E2FZ2FUDOJ6G/ref=cm_cr_arp_d_rvw_ttl?ie=UTF8&ASIN=B09DFHJTF5	5	2022-10-28T00:00:00.000Z
37	B09DFHJTF5	R1UXCLX1RVRJ7B	Great game console	It works like a charm, flawless game play	https://www.amazon.com/gp/customer-reviews/R1UXCLX1RVRJ7B/ref=cm_cr_arp_d_rvw_ttl?ie=UTF8&ASIN=B09DFHJTF5	5	2022-10-25T00:00:00.000Z
38	B09DFHJTF5	R2GPVSBQIAAAB7	Myth	Ps5 is a myth. They don‚Äôt actually exist.	https://www.amazon.com/gp/customer-reviews/R2GPVSBQIAAAB7/ref=cm_cr_arp_d_rvw_ttl?ie=UTF8&ASIN=B09DFHJTF5	1	2022-10-24T00:00:00.000Z
39	B09DFHJTF5	R2TMDESPJBQLKJ	Favorite console	It took a while to get my hands on one and I finally got it!!	https://www.amazon.com/gp/customer-reviews/R2TMDESPJBQLKJ/ref=cm_cr_arp_d_rvw_ttl?ie=UTF8&ASIN=B09DFHJTF5	5	2022-10-24T00:00:00.000Z
40	B09DFHJTF5	R121PJU90MZG4H	Incredible, I was not prepared for how cool this is.	This is it, it‚Äôs truly next gen. After a couple of years trying, we finally got the digital version thanks to Amazon‚Äôs waitlist.  I have a high end pc and was a little dismissive of what I thought the PS5 would be capable of. I‚Äôm glad my kids asked for it and I kept trying. It humbled me.  This console is truly next gen, it‚Äôs incredible. Even one of the launch games, Spider-Man Miles Morales, still looks, and more importantly fells, next gen now still.  This thing is optimized, loaded, and the combination of features working together makes it feel special. The controller is on another level. This is immersive. Awesome console!	https://www.amazon.com/gp/customer-reviews/R121PJU90MZG4H/ref=cm_cr_arp_d_rvw_ttl?ie=UTF8&ASIN=B09DFHJTF5	5	2022-10-22T00:00:00.000Z
41	B09DFHJTF5	R8WTKMP78YIET	Powerful console	This does pretty much everything the disc version of the PS5 does other than play discs(obviously). If you‚Äôre a person that just streams and buys digital copies of games, this is the console to get.	https://www.amazon.com/gp/customer-reviews/R8WTKMP78YIET/ref=cm_cr_arp_d_rvw_ttl?ie=UTF8&ASIN=B09DFHJTF5	5	2022-10-14T00:00:00.000Z
42	B09DFHJTF5	RS5A5R01B4B51	Best console!	This has great quality definitely worth the money!	https://www.amazon.com/gp/customer-reviews/RS5A5R01B4B51/ref=cm_cr_arp_d_rvw_ttl?ie=UTF8&ASIN=B09DFHJTF5	5	2022-09-30T00:00:00.000Z
43	B09DFHJTF5	R12JUP5XUXDUNU	Very satisfied	Likes: Prompt delivery, excellent price. A brand new console that costed less than used or refurbished. This has been a good experience.	https://www.amazon.com/gp/customer-reviews/R12JUP5XUXDUNU/ref=cm_cr_arp_d_rvw_ttl?ie=UTF8&ASIN=B09DFHJTF5	5	2022-06-28T00:00:00.000Z
44	B09DFHJTF5	RNO5TJV6CTEAE	Wonderful System	I enjoy my ps5 so much. I have all 3 major consoles and I play this one the most. I'm really enjoy my ps plus premium service now.	https://www.amazon.com/gp/customer-reviews/RNO5TJV6CTEAE/ref=cm_cr_arp_d_rvw_ttl?ie=UTF8&ASIN=B09DFHJTF5	5	2022-06-19T00:00:00.000Z
45	B09DFHJTF5	R2F42OKDMN0Y6O	Exactly as described	Shipped within a week. Packaged well. Exactly as described and works perfectly. My son is in heaven with his new PS5	https://www.amazon.com/gp/customer-reviews/R2F42OKDMN0Y6O/ref=cm_cr_arp_d_rvw_ttl?ie=UTF8&ASIN=B09DFHJTF5	5	2022-06-16T00:00:00.000Z
46	B09DFHJTF5	RZEIUJ86JI8E6	Great	Great	https://www.amazon.com/gp/customer-reviews/RZEIUJ86JI8E6/ref=cm_cr_arp_d_rvw_ttl?ie=UTF8&ASIN=B09DFHJTF5	5	2022-06-15T00:00:00.000Z
47	B09DFHJTF5	RMQFPNOGVIETF	A braindead monkey could do it	It is awesome	https://www.amazon.com/gp/customer-reviews/RMQFPNOGVIETF/ref=cm_cr_arp_d_rvw_ttl?ie=UTF8&ASIN=B09DFHJTF5	5	2022-05-29T00:00:00.000Z
48	B09DFHJTF5	R2F5IF8QIN1GC2	finally bought one	was fighting for my life to buy one	https://www.amazon.com/gp/customer-reviews/R2F5IF8QIN1GC2/ref=cm_cr_arp_d_rvw_ttl?ie=UTF8&ASIN=B09DFHJTF5	3	2022-05-22T00:00:00.000Z
49	B09DFHJTF5	RQ5EHV5VTVWDD	It's ight	Its alright, only if amazon allowed for normal people to get their hands on it.	https://www.amazon.com/gp/customer-reviews/RQ5EHV5VTVWDD/ref=cm_cr_arp_d_rvw_ttl?ie=UTF8&ASIN=B09DFHJTF5	4	2022-04-30T00:00:00.000Z
50	B09DFHJTF5	R2YZKLKJOHMBMU	Works good, high quality	What's not to like about a PS5? The exclusives sell this system for sure.	https://www.amazon.com/gp/customer-reviews/R2YZKLKJOHMBMU/ref=cm_cr_arp_d_rvw_ttl?ie=UTF8&ASIN=B09DFHJTF5	5	2022-04-26T00:00:00.000Z
51	B09DFHJTF5	R25Q7Y9S1K6WPA	Kids enjoy it	Graphics are good and processor is fast. No complaints as of yet.	https://www.amazon.com/gp/customer-reviews/R25Q7Y9S1K6WPA/ref=cm_cr_arp_d_rvw_ttl?ie=UTF8&ASIN=B09DFHJTF5	5	2022-04-16T00:00:00.000Z
52	B09DFHJTF5	R3545RXMBGFI79	Can't believe I got one but this is the new generation for gaming.	Super hard to get, but you can't be disappointed once you do. Have no issues playing with this bad boy. Hopefully in the future it becomes easier to get and not so scalp-able so others can get it too.	https://www.amazon.com/gp/customer-reviews/R3545RXMBGFI79/ref=cm_cr_arp_d_rvw_ttl?ie=UTF8&ASIN=B09DFHJTF5	5	2022-04-12T00:00:00.000Z
53	B09DFHJTF5	R3J682XZMX6QX1	Great console	This console is amazing. Not worth the hype but it sure is great.	https://www.amazon.com/gp/customer-reviews/R3J682XZMX6QX1/ref=cm_cr_arp_d_rvw_ttl?ie=UTF8&ASIN=B09DFHJTF5	5	2022-04-06T00:00:00.000Z
54	B09DFHJTF5	RBP7XKJ3VG9UM	Take that scalpers	Got a ps5 on the amazon restock gonna play a ton of games and paid retail price. Don‚Äôt buy from scalpers save your money for games. System works great.	https://www.amazon.com/gp/customer-reviews/RBP7XKJ3VG9UM/ref=cm_cr_arp_d_rvw_ttl?ie=UTF8&ASIN=B09DFHJTF5	5	2022-04-04T00:00:00.000Z
55	B09DFHJTF5	RDH7KCL2AFIWM	What a joke restock	I was here on time and nothing what a joke. Sony is a joke.	https://www.amazon.com/gp/customer-reviews/RDH7KCL2AFIWM/ref=cm_cr_arp_d_rvw_ttl?ie=UTF8&ASIN=B09DFHJTF5	1	2022-03-30T00:00:00.000Z
56	B09DFHJTF5	R2SKTXYCG7FMHC	BS	These restocks are a joke	https://www.amazon.com/gp/customer-reviews/R2SKTXYCG7FMHC/ref=cm_cr_arp_d_rvw_ttl?ie=UTF8&ASIN=B09DFHJTF5	1	2022-03-30T00:00:00.000Z
57	B09DFHJTF5	R2CRKVJJI5ZBND	I am not a bot and I have gotten 3 of these  ..OVER RATED ...just wait	This is no better than the Xbox series X and there are no games. Chill and just wait. Follow YouTube channels for drops in one week in April I got An Xbox SX on a Monday at BestBuy drop & a PS5 at target in June I got another on Walmart using the app while stuck in traffic & in October I was invited to a Sony store direct drop.	https://www.amazon.com/gp/customer-reviews/R2CRKVJJI5ZBND/ref=cm_cr_arp_d_rvw_ttl?ie=UTF8&ASIN=B09DFHJTF5	3	2022-03-30T00:00:00.000Z
58	B09DFHJTF5	R30S13Z8O9R0E2	Ps5 the best	Glad i was able to get one.. finally can play spiderman	https://www.amazon.com/gp/customer-reviews/R30S13Z8O9R0E2/ref=cm_cr_arp_d_rvw_ttl?ie=UTF8&ASIN=B09DFHJTF5	5	2022-03-14T00:00:00.000Z
59	B09DFHJTF5	R1GB6LBF5OS0C5	great!	glad to finally have this !	https://www.amazon.com/gp/customer-reviews/R1GB6LBF5OS0C5/ref=cm_cr_arp_d_rvw_ttl?ie=UTF8&ASIN=B09DFHJTF5	5	2022-03-12T00:00:00.000Z
60	B08H75RTZ8	R2RCZGBO19RBLL	Awesome	Fast in shipping it. No damage at all.	https://www.amazon.com/gp/customer-reviews/R2RCZGBO19RBLL/ref=cm_cr_arp_d_rvw_ttl?ie=UTF8&ASIN=B08H75RTZ8	5	2022-11-02T00:00:00.000Z
61	B08H75RTZ8	R3CB7FHQ3XRIV3	Probably my favourite console so far	I got an Xbox Series S earlier and I was already very happy with it, however, I had the chance to get a series X later and I will say, the extra storage alone and disc drive makes it worth it, not even talking about the 4k visuals. Add in gamepass and you have a hell of a deal on an amazing console	https://www.amazon.com/gp/customer-reviews/R3CB7FHQ3XRIV3/ref=cm_cr_arp_d_rvw_ttl?ie=UTF8&ASIN=B08H75RTZ8	5	2022-11-02T00:00:00.000Z
62	B08H75RTZ8	R170V0NQRLAVQU	Not bad!	My gaming PC works better than this does!	https://www.amazon.com/gp/customer-reviews/R170V0NQRLAVQU/ref=cm_cr_arp_d_rvw_ttl?ie=UTF8&ASIN=B08H75RTZ8	3	2022-11-01T00:00:00.000Z
63	B08H75RTZ8	R1LGIOX4C7KHE	Works great!	It got delivered on time and everything works!	https://www.amazon.com/gp/customer-reviews/R1LGIOX4C7KHE/ref=cm_cr_arp_d_rvw_ttl?ie=UTF8&ASIN=B08H75RTZ8	5	2022-11-01T00:00:00.000Z
64	B08H75RTZ8	R2IG3KD0RF5BEE	Audio delay	This console has an audio delay problem that makes games unplayable..stay away!!!!!! You have been warned	https://www.amazon.com/gp/customer-reviews/R2IG3KD0RF5BEE/ref=cm_cr_arp_d_rvw_ttl?ie=UTF8&ASIN=B08H75RTZ8	1	2022-11-01T00:00:00.000Z
65	B08H75RTZ8	R2IUJ4LGLIK5C2	Best Gaming Console yet	Awesome gaming console üëåüèø	https://www.amazon.com/gp/customer-reviews/R2IUJ4LGLIK5C2/ref=cm_cr_arp_d_rvw_ttl?ie=UTF8&ASIN=B08H75RTZ8	5	2022-11-01T00:00:00.000Z
66	B08H75RTZ8	R1V3GMA5TH8R0B	Lags out of online games	Whenever I play online games 2k fort apex etc it lags so much and just lags me out the game and if anyone knows how to fix it please help	https://www.amazon.com/gp/customer-reviews/R1V3GMA5TH8R0B/ref=cm_cr_arp_d_rvw_ttl?ie=UTF8&ASIN=B08H75RTZ8	2	2022-10-31T00:00:00.000Z
67	B08H75RTZ8	RAHIZ1EUIDAN3	$500 for wifi disconnection frustration	the console disconnects from wifi constantly - every 20-30 mins- end up having to reboot it all the time.  Have tried various fixes from what i scoured on the googles (seperate 2.4 and 5ghz ssid's for example). What eventually worked to have stable wifi was disabling WPA2, which i didnt like.  Ended up using an old router that was AC compatible and ethernet wired the X to the router, then bridged it to our wifi.  disappointed in the $$$ paid for this issue, which has been ongoing since its launch. simple google search will show other users with same issue.	https://www.amazon.com/gp/customer-reviews/RAHIZ1EUIDAN3/ref=cm_cr_arp_d_rvw_ttl?ie=UTF8&ASIN=B08H75RTZ8	2	2022-10-31T00:00:00.000Z
68	B08H75RTZ8	R3G3N47ADUPA2O	Series X	Great, powerful system. More bang for your buck than a PS5.	https://www.amazon.com/gp/customer-reviews/R3G3N47ADUPA2O/ref=cm_cr_arp_d_rvw_ttl?ie=UTF8&ASIN=B08H75RTZ8	5	2022-10-31T00:00:00.000Z
69	B08H75RTZ8	R1TNPD4AVIKPLH	Everything as expected	Fast delivery, best price and availability.	https://www.amazon.com/gp/customer-reviews/R1TNPD4AVIKPLH/ref=cm_cr_arp_d_rvw_ttl?ie=UTF8&ASIN=B08H75RTZ8	5	2022-10-30T00:00:00.000Z
70	B08H75RTZ8	R13K4OKQGKZYVH	Everything you could expect and more!	What can you really write??? It‚Äôs awesome. Graphics are incredible. It‚Äôs backwards compatible so I was able to out the 360 and one in the closet. Fits on its side in my entertainment stand.	https://www.amazon.com/gp/customer-reviews/R13K4OKQGKZYVH/ref=cm_cr_arp_d_rvw_ttl?ie=UTF8&ASIN=B08H75RTZ8	5	2022-10-30T00:00:00.000Z
71	B08H75RTZ8	R3RPEV2QA8EH8F	I'm really disappointed with this.	I just want to start by saying I do not own a 4k TV, and I would not buy this console unless you own a 4k TV. I dont know how much better the picture quality will be on a 4k TV, I would hope much much better but I think its garbage and a waste of money. With that said I do have a really nice flat screen TV, and the picture quality absolutely sucks. I mean complete garbage. Specially for paying $499.99. Theres not many games for the series X either. I have the game pass and its mostly xbox 360 games. Its like i bought the series x just to play 360 games. Anyways I'm Returning it.	https://www.amazon.com/gp/customer-reviews/R3RPEV2QA8EH8F/ref=cm_cr_arp_d_rvw_ttl?ie=UTF8&ASIN=B08H75RTZ8	1	2022-10-29T00:00:00.000Z
72	B08H75RTZ8	RVZJ4HGPVNYRY	Couldn't be happier	Exactly as described brand new and sealed. Even came 3 days early. Wasn't supposed to arrive till the 31st and got it before noon today.	https://www.amazon.com/gp/customer-reviews/RVZJ4HGPVNYRY/ref=cm_cr_arp_d_rvw_ttl?ie=UTF8&ASIN=B08H75RTZ8	5	2022-10-29T00:00:00.000Z
73	B08H75RTZ8	R1S1LRAOSGYSJQ	Works quite well but...	The console works quite well, but it does not state that you must install games on the internal storage in order to play the Series X compatible games. If installed on an external hard drive or the new storage devices only for Series X, they are specifically for storage only. In order to play an installed game, you must move it into the internal hard drive. Another thing is you must give the console physical space, otherwise, it will overheat quite easily.	https://www.amazon.com/gp/customer-reviews/R1S1LRAOSGYSJQ/ref=cm_cr_arp_d_rvw_ttl?ie=UTF8&ASIN=B08H75RTZ8	4	2022-10-28T00:00:00.000Z
74	B08H75RTZ8	R19ULJCYQGNGJR	Fast solid state hard drive makes it Fast	Easy to replace my xbox one x Love the speed. Much Improved xbox series x Loading new copies of my games so nice and clean I don‚Äôt expect as much problems Having fun :-)	https://www.amazon.com/gp/customer-reviews/R19ULJCYQGNGJR/ref=cm_cr_arp_d_rvw_ttl?ie=UTF8&ASIN=B08H75RTZ8	5	2022-10-28T00:00:00.000Z
75	B08H75RTZ8	RNKILPDZ0NWHS	Solo me dur√≥ 2 meses	Tan solo dur√≥ 2 meses bn y despu√©s fallo,p√≥ngale garant√≠a cuando la compren	https://www.amazon.com/gp/customer-reviews/RNKILPDZ0NWHS/ref=cm_cr_arp_d_rvw_ttl?ie=UTF8&ASIN=B08H75RTZ8	3	2022-10-28T00:00:00.000Z
76	B08H75RTZ8	R2FOFVUTEVGK22	Learning Will Happen	I bought this XBOX Series X specifically because GTA Online was heavily promoting a major upgrade and bonus materials only on the XBOX Series X and PS5 platforms. I figured i needed a upgrade anyway. HOWEVER, what no one is saying is that my current GTA account will not cross over to XBOX, so I would have to start over with a whole new GTA online account. Disappointment.  Also, make sure when purchasing controllers you review the list of games your new controller will work with. The G920 from Logitech for example does not work with every game and does not show up in the XBOX APP's.	https://www.amazon.com/gp/customer-reviews/R2FOFVUTEVGK22/ref=cm_cr_arp_d_rvw_ttl?ie=UTF8&ASIN=B08H75RTZ8	3	2022-10-28T00:00:00.000Z
77	B08H75RTZ8	RNHNOND9FWRI4	Great Console	Couldn't ask for more. Loads pretty fast, graphics are great. I can load multiple games at once, at least 3 according to my experience. The controller is comfortable, you can play for hours without hurting your fingers. Just waiting for the next upcoming games to continue enjoying my new xbox	https://www.amazon.com/gp/customer-reviews/RNHNOND9FWRI4/ref=cm_cr_arp_d_rvw_ttl?ie=UTF8&ASIN=B08H75RTZ8	5	2022-10-27T00:00:00.000Z
78	B08H75RTZ8	R2IMPRQWYE1L3L	Worth the upgrade from previous gen	Before purchasing this Xbox, I was rocking with an old Xbox One S that I had owned for a couple of years and boy do I regret holding off from buying the series X for so long!  The graphics and processing power is a night and day difference compared to my old Xbox One S. My only regret is not purchasing this a lot sooner than I did.	https://www.amazon.com/gp/customer-reviews/R2IMPRQWYE1L3L/ref=cm_cr_arp_d_rvw_ttl?ie=UTF8&ASIN=B08H75RTZ8	5	2022-10-27T00:00:00.000Z
79	B08H75RTZ8	R117A82FHRDBAR	This is a rippoff	This is not an Xbox X. This is a Xbox S for the same price as one that only has the console and nothing else. Do not buy this product	https://www.amazon.com/gp/customer-reviews/R117A82FHRDBAR/ref=cm_cr_arp_d_rvw_ttl?ie=UTF8&ASIN=B08H75RTZ8	1	2022-10-26T00:00:00.000Z
80	B08H75RTZ8	R3OSSQ281BHPK6	Never disappointed with Xbox	Been on Xbox since the days of the red ring of death and I‚Äôve never had an issue with it.	https://www.amazon.com/gp/customer-reviews/R3OSSQ281BHPK6/ref=cm_cr_arp_d_rvw_ttl?ie=UTF8&ASIN=B08H75RTZ8	5	2022-10-26T00:00:00.000Z
81	B08H75RTZ8	R2CN5NLOPIEI0A	La mas potente del mundo	No es de extra√±ar que la XBOX SERIES X sea la consola m√°s potente del mundo, pero esto lo compruebas al jugarlo, Xbox realmente ha dise√±ado una consola capaz de jugar varios juegos al mismo tiempo y en un buen tv se nota la fluidez y la resoluci√≥n en los juegos.  Una de las mejores compras que he realizado en amazon	https://www.amazon.com/gp/customer-reviews/R2CN5NLOPIEI0A/ref=cm_cr_arp_d_rvw_ttl?ie=UTF8&ASIN=B08H75RTZ8	5	2022-10-26T00:00:00.000Z
82	B08H75RTZ8	R1K156XIJB7SL8	Greatest console known to man!	"Love it. Gamepass is a game changer. Hooked up to a LG 77"" CX with 4K 120Hz is gaming nirvana!"	https://www.amazon.com/gp/customer-reviews/R1K156XIJB7SL8/ref=cm_cr_arp_d_rvw_ttl?ie=UTF8&ASIN=B08H75RTZ8	5	2022-10-26T00:00:00.000Z
83	B08H75RTZ8	RSMA6ZM7WY8G4	Slightly better than the Xbox One X‚Ä¶	It‚Äôs sleek and I like the design. Fits well on the desk. Nice form factor. If you are looking for next gen this is worth it but if you have an Xbox One X or Scorpio edition from previous gen, I‚Äôd hold out till they come out with a pro or plus model. Another $500 for now would not be worth the performance increase in my opinion.	https://www.amazon.com/gp/customer-reviews/RSMA6ZM7WY8G4/ref=cm_cr_arp_d_rvw_ttl?ie=UTF8&ASIN=B08H75RTZ8	5	2022-10-25T00:00:00.000Z
84	B08H75RTZ8	RV33QJ389V8VS	The best console ever	This is definitely the next-gen, I really loved it, and I think it is even more incredible than I expected if you haven't jumped into next-gen, this should be your choice.	https://www.amazon.com/gp/customer-reviews/RV33QJ389V8VS/ref=cm_cr_arp_d_rvw_ttl?ie=UTF8&ASIN=B08H75RTZ8	5	2022-10-25T00:00:00.000Z
85	B08H75RTZ8	R8QILK1KUQUIW	Picture quality and memory/storage space	I just got the Xbox Series X. I gave it 4 stars because I really liked my xbox one kinect. It came with voice command and of course the camera you could use to interact with games. I didn't grow up playing video games, I got hooked in my early 20s. I am an old lady of 61 so I've played on a lot of platforms/systems. So the new games are moving on and to keep up I have to buy the newer game systems. And I have to say on this xbox series x I LOVE THE PICTURE/GRAPHICS QUALITY, LOVE THE MEMORY/STORAGE SPACE. It deserves 5 stars but change is hard and money's tight.	https://www.amazon.com/gp/customer-reviews/R8QILK1KUQUIW/ref=cm_cr_arp_d_rvw_ttl?ie=UTF8&ASIN=B08H75RTZ8	4	2022-10-25T00:00:00.000Z
86	B08H75RTZ8	R2JR35U16QSX03	so glad Amazon had this!	First of all, kudos to Amazon for doing this as an invite only. This is a very good way of getting rid of the resellers and scalpers! I hope Amazon starts doing this with other high demand items as well.  I got this during the October 17, 2022 invite. In less than 5 days I had this in my hands. Xbox was shipped in a larger outer box, BUT...........there was no padding or protection! Luckily, box arrived unscathed.  Set-up is like any other Xbox. This one replaced my old Xbox One. As soon as I hooked it all up, I downloaded the new Modern Warfare 2 game. I left the Xbox on overnight and by next morning I was all set to play. Everything ran as expected! No problems whatsoever with the set-up and gaming experience. All-in-all, I am very happy and fortunate to be able to get this, esp. since everyone else is out of stock. Thank you very much Amazon!!	https://www.amazon.com/gp/customer-reviews/R2JR35U16QSX03/ref=cm_cr_arp_d_rvw_ttl?ie=UTF8&ASIN=B08H75RTZ8	5	2022-10-25T00:00:00.000Z
87	B08H75RTZ8	RL4VXKT2P776L	Amazing	Having a Series X with gamepass is a magical experience. Having access to so many good games at amazing quality including many upgraded older titles. Combined with quick resume I'm able to jugle between a handful of titles at a time seamlessly. Easily the best console I've had and I've been gaming since the NES.	https://www.amazon.com/gp/customer-reviews/RL4VXKT2P776L/ref=cm_cr_arp_d_rvw_ttl?ie=UTF8&ASIN=B08H75RTZ8	5	2022-10-25T00:00:00.000Z
88	B08H75RTZ8	RSC8EF8ZTRUP3	Just as powerful as they say	I love my Xbox. It is my favorite purchase, but it was very expensive. The loading times are very short and it looks really cool.	https://www.amazon.com/gp/customer-reviews/RSC8EF8ZTRUP3/ref=cm_cr_arp_d_rvw_ttl?ie=UTF8&ASIN=B08H75RTZ8	5	2022-10-24T00:00:00.000Z
89	B08H75RTZ8	RC9KPUYQAY0LL	Xbox X only.	Xbox only no power cord no controller. Would not recommend due to lack or power cord, controller and price.	https://www.amazon.com/gp/customer-reviews/RC9KPUYQAY0LL/ref=cm_cr_arp_d_rvw_ttl?ie=UTF8&ASIN=B08H75RTZ8	1	2022-10-24T00:00:00.000Z
90	B07VGRJDFY	R3IA6BPZTY6QD2	great itemXmcas	christmas gift	https://www.amazon.com/gp/customer-reviews/R3IA6BPZTY6QD2/ref=cm_cr_arp_d_rvw_ttl?ie=UTF8&ASIN=B07VGRJDFY	5	2022-11-02T00:00:00.000Z
91	B07VGRJDFY	R179TJVSJR5J6	Great System	I've been wanting a switch for a long time, but the times wouldn't let me. I finally was able to one and I can not put it down! The pastel colors of the joy cons are just something I enjoy visually. Not only that, I can mix and match my joy cons to make different colour combinations. it's easy to carry around. Even if you don't have money to purchase games there are a plethora of games you can play for free. The switch itself is about 5 to 6 inches. It looks like an ordinary tablet. It's been about a year since I purchased it and I do not regret it.	https://www.amazon.com/gp/customer-reviews/R179TJVSJR5J6/ref=cm_cr_arp_d_rvw_ttl?ie=UTF8&ASIN=B07VGRJDFY	5	2022-10-31T00:00:00.000Z
92	B07VGRJDFY	R1EEQMVV7AL2DX	Las bocinas no son buenas	El audio no dur√≥ mucho solo funciona con aud√≠fonos todo lo dem√°s bien	https://www.amazon.com/gp/customer-reviews/R1EEQMVV7AL2DX/ref=cm_cr_arp_d_rvw_ttl?ie=UTF8&ASIN=B07VGRJDFY	3	2022-10-31T00:00:00.000Z
93	B07VGRJDFY	R6G6FBX1JOOSA	it‚Äôs so flimsy	nintendo this is not a console for anybody, it‚Äôs too flimsy it breaks my screen just broke all cuz i held it by on controller trying to pick up my phone	https://www.amazon.com/gp/customer-reviews/R6G6FBX1JOOSA/ref=cm_cr_arp_d_rvw_ttl?ie=UTF8&ASIN=B07VGRJDFY	3	2022-10-29T00:00:00.000Z
94	B07VGRJDFY	R3ECXXVLK46XYY	I think I got a refurbished one	Used maybe twice and the charger port is damaged and won‚Äôt charge. This will be the second one we have gotten. This was the replacement sent for the first one that didn‚Äôt work at all.	https://www.amazon.com/gp/customer-reviews/R3ECXXVLK46XYY/ref=cm_cr_arp_d_rvw_ttl?ie=UTF8&ASIN=B07VGRJDFY	1	2022-10-28T00:00:00.000Z
95	B07VGRJDFY	R3KPVCQQPHRETG	Ok	Bought 2 for my niece and nephew. When we received the package it was damaged so I didn‚Äôt really get to wrap them for their bdays and everything already looked used, possibly we recieved ones that someone returned ? I‚Äôm not sure but they still use them	https://www.amazon.com/gp/customer-reviews/R3KPVCQQPHRETG/ref=cm_cr_arp_d_rvw_ttl?ie=UTF8&ASIN=B07VGRJDFY	2	2022-10-28T00:00:00.000Z
96	B07VGRJDFY	R2VXNPLGS1B1Z	It is great	It is great	https://www.amazon.com/gp/customer-reviews/R2VXNPLGS1B1Z/ref=cm_cr_arp_d_rvw_ttl?ie=UTF8&ASIN=B07VGRJDFY	5	2022-10-27T00:00:00.000Z
97	B07VGRJDFY	R33LRO6NLTFKX7	Had it for less then 2 months and I already hear some odd noise coming from the system	Bought the back in September and notice after just a month a low but growing noise as you play	https://www.amazon.com/gp/customer-reviews/R33LRO6NLTFKX7/ref=cm_cr_arp_d_rvw_ttl?ie=UTF8&ASIN=B07VGRJDFY	1	2022-10-26T00:00:00.000Z
98	B07VGRJDFY	R22IIMTWDJG7BK	Really lives up to the hype.	I couldn't afford to purchase this video game system for a good few years since money was tight while I was attending college. But, after saving up over the course of a few months, I became the proud owner of a Nintendo Switch system last year. And I gotta say... it really lives up to the hype.  Being able to switch (no pun intended) between gaming on the TV and gaming in portable handheld mode has been a very nice, convenient gaming experience indeed. For example, it lets me take the game with me if I suddenly need to head into town with my family and I don't want to wait until I come back from town to continue my game. The games run very well and it gets great internet reception too (most of the time).  I'm not sure I've ever had this much fun playing video games since Pok√©mon Ultra Moon on the 3DS. I'm definitely glad I ordered this game system. Very satisfied.	https://www.amazon.com/gp/customer-reviews/R22IIMTWDJG7BK/ref=cm_cr_arp_d_rvw_ttl?ie=UTF8&ASIN=B07VGRJDFY	5	2022-10-25T00:00:00.000Z
99	B07VGRJDFY	R29HDE09UA37MP	Comfortable to use ........for many hoursüòä	I might be the last person to find Animal Crossing and boy does this Switch get a workout everyday!	https://www.amazon.com/gp/customer-reviews/R29HDE09UA37MP/ref=cm_cr_arp_d_rvw_ttl?ie=UTF8&ASIN=B07VGRJDFY	5	2022-10-25T00:00:00.000Z
100	B07VGRJDFY	RK9VR72K6M3Q2	Love it	Was delivered in 1 day, everything was in the box. Works perfect.	https://www.amazon.com/gp/customer-reviews/RK9VR72K6M3Q2/ref=cm_cr_arp_d_rvw_ttl?ie=UTF8&ASIN=B07VGRJDFY	5	2022-10-24T00:00:00.000Z
101	B07VGRJDFY	R1UIBMIT3LRSIE	Was very pleased with this order and my wife loved it	Bought this for my wife's birthday she was very excited when she got it would definitely buy from this seller again	https://www.amazon.com/gp/customer-reviews/R1UIBMIT3LRSIE/ref=cm_cr_arp_d_rvw_ttl?ie=UTF8&ASIN=B07VGRJDFY	5	2022-10-24T00:00:00.000Z
102	B07VGRJDFY	R2N56HVTXD8D5I	after 37 days my product stopped working	after 37 days my product stopped working I contacted Amazon and they said they could not solve the problem, the product crashed a lot and stopped working, and they told me that I will be at a loss	https://www.amazon.com/gp/customer-reviews/R2N56HVTXD8D5I/ref=cm_cr_arp_d_rvw_ttl?ie=UTF8&ASIN=B07VGRJDFY	1	2022-10-24T00:00:00.000Z
103	B07VGRJDFY	R1HCVRJID9HV7X	very good system	I got joycon drift in the first month	https://www.amazon.com/gp/customer-reviews/R1HCVRJID9HV7X/ref=cm_cr_arp_d_rvw_ttl?ie=UTF8&ASIN=B07VGRJDFY	4	2022-10-24T00:00:00.000Z
104	B07VGRJDFY	R1NWG20THHGEGL	Doesn't come with the game	Purchased the Animal crossing style for my daughter, thinking it would have the game with it. Nope. They wabt you to pay 50 dollars more to get the game to go with the style. Crazy.	https://www.amazon.com/gp/customer-reviews/R1NWG20THHGEGL/ref=cm_cr_arp_d_rvw_ttl?ie=UTF8&ASIN=B07VGRJDFY	4	2022-10-23T00:00:00.000Z
105	B07VGRJDFY	R10R4MCAKMMU3V	Fun games for the family	Bought to play games with kids. Great fun	https://www.amazon.com/gp/customer-reviews/R10R4MCAKMMU3V/ref=cm_cr_arp_d_rvw_ttl?ie=UTF8&ASIN=B07VGRJDFY	4	2022-10-23T00:00:00.000Z
106	B07VGRJDFY	R37AMAJ1UYXXM4	Works great!	Works great! Love the color!	https://www.amazon.com/gp/customer-reviews/R37AMAJ1UYXXM4/ref=cm_cr_arp_d_rvw_ttl?ie=UTF8&ASIN=B07VGRJDFY	5	2022-10-22T00:00:00.000Z
107	B07VGRJDFY	R1KL8QBHUPELF3	It‚Äôs awesome	Love the switch for my kids.	https://www.amazon.com/gp/customer-reviews/R1KL8QBHUPELF3/ref=cm_cr_arp_d_rvw_ttl?ie=UTF8&ASIN=B07VGRJDFY	5	2022-10-21T00:00:00.000Z
108	B07VGRJDFY	R37KW89ITNJJNL	Animal Crossing Fan	As a long time fan of Animal Crossing, I was super excited to get this themed Switch as a gift from a friend. The controllers sometimes don‚Äôt like to charge properly like the regular Switch, but overall, I haven‚Äôt had nearly as many issues with it as my mom has with her regular one. 10/10	https://www.amazon.com/gp/customer-reviews/R37KW89ITNJJNL/ref=cm_cr_arp_d_rvw_ttl?ie=UTF8&ASIN=B07VGRJDFY	5	2022-10-21T00:00:00.000Z
109	B07VGRJDFY	R395452HGHYLAW	Great Console, Wrong Country	I've been wanting a switch for a while, and finally ordered one. When I got it, the language on the box and instructions were not in English (assuming it's Japanese) and the power cord was for UK outlets. I live in the US and had to purchase a new power cord (about $15 USD). Other than that, very pleased with the product.	https://www.amazon.com/gp/customer-reviews/R395452HGHYLAW/ref=cm_cr_arp_d_rvw_ttl?ie=UTF8&ASIN=B07VGRJDFY	4	2022-10-21T00:00:00.000Z
110	B07VGRJDFY	R280KFHZIFD6YP	Excelente mi hijo lo va disfrutar much√≠simo	Es el regalo de cumplea√±os de mi hijo y le va encantar much√≠simo muchas gracias	https://www.amazon.com/gp/customer-reviews/R280KFHZIFD6YP/ref=cm_cr_arp_d_rvw_ttl?ie=UTF8&ASIN=B07VGRJDFY	5	2022-10-20T00:00:00.000Z
111	B07VGRJDFY	R1FJGRKV4DYHML	It's a switch!	It's an amazing gift for kids, teens, and adults everyone loves the switch. However the joycons are small and don't fit bigger hands, as well as they develop drift after a while. If you do purchase a switch i'd recommend getting a storage upgrade, switch controller, and screen protector.	https://www.amazon.com/gp/customer-reviews/R1FJGRKV4DYHML/ref=cm_cr_arp_d_rvw_ttl?ie=UTF8&ASIN=B07VGRJDFY	4	2022-10-20T00:00:00.000Z
112	B07VGRJDFY	R217Y1W55HOFTR	NINTENDO SWITCH	Once you buy the gadget( Nitendo switch), you have to keep on buying the games which becomes more expensive. I thought when you buy it the games are inclusive.	https://www.amazon.com/gp/customer-reviews/R217Y1W55HOFTR/ref=cm_cr_arp_d_rvw_ttl?ie=UTF8&ASIN=B07VGRJDFY	3	2022-10-20T00:00:00.000Z
113	B07VGRJDFY	R3VICO8KSHVJCJ	Game NOT INCLUDED!	Thought this came with the Animal Crossing game, but it does not. Game is another 65.$	https://www.amazon.com/gp/customer-reviews/R3VICO8KSHVJCJ/ref=cm_cr_arp_d_rvw_ttl?ie=UTF8&ASIN=B07VGRJDFY	3	2022-10-19T00:00:00.000Z
114	B07VGRJDFY	RJ0RDF86DI58G	All info and description	All info wand description was good I will recommend sealer‚Äô	https://www.amazon.com/gp/customer-reviews/RJ0RDF86DI58G/ref=cm_cr_arp_d_rvw_ttl?ie=UTF8&ASIN=B07VGRJDFY	5	2022-10-19T00:00:00.000Z
115	B07VGRJDFY	REPA41JD0ASZ8	awesome	super cool graphics	https://www.amazon.com/gp/customer-reviews/REPA41JD0ASZ8/ref=cm_cr_arp_d_rvw_ttl?ie=UTF8&ASIN=B07VGRJDFY	4	2022-10-18T00:00:00.000Z
116	B07VGRJDFY	RETBVLICK8RZY	I waited for this moment	Wait several months, I think years, for the Nintendo Switch to be at retail price ($299), the product arrived completely new and with the box with all the integrity.  Yes, buy it, but at retail price	https://www.amazon.com/gp/customer-reviews/RETBVLICK8RZY/ref=cm_cr_arp_d_rvw_ttl?ie=UTF8&ASIN=B07VGRJDFY	5	2022-10-17T00:00:00.000Z
117	B07VGRJDFY	R14XFICPZF4STF	Fun for all	We love our Nintendo Switch. With winter on its way I know we will love it even more. My family lives a few hours away so its fun to be able to play games with them from afar. My husband and nephew were even able to play it together on a road trip we went on. It helped pass the time.	https://www.amazon.com/gp/customer-reviews/R14XFICPZF4STF/ref=cm_cr_arp_d_rvw_ttl?ie=UTF8&ASIN=B07VGRJDFY	5	2022-10-14T00:00:00.000Z
118	B07VGRJDFY	R1GZVYEL3D2H9U	Awesome!	Not sure if this will pop up verified or not but I did in fact purchase the animal crossing switch and am I satisfied with my purchase!! It‚Äôs so awesome to have a special edition switch and it is so fun to play with!!	https://www.amazon.com/gp/customer-reviews/R1GZVYEL3D2H9U/ref=cm_cr_arp_d_rvw_ttl?ie=UTF8&ASIN=B07VGRJDFY	5	2022-10-14T00:00:00.000Z
119	B07VGRJDFY	RPLY4TWSELRZ6	DO NOT BUY	I wish I was able to come up with a headline so everyone would read this...We bought my son this switch that connects to the console, after having it for maybe 6mo the joy-con controllers become very loose and wiggly when attached to the switch, eventually they stopped connecting and he was not able to use. So we replaced them, $80 it cost for a pair. It's been two years since we bought it now and we have replace the controllers 3 times. Clearly there is an issue with them. DO NOT BUY the switch with detachable joy-con controllers!	https://www.amazon.com/gp/customer-reviews/RPLY4TWSELRZ6/ref=cm_cr_arp_d_rvw_ttl?ie=UTF8&ASIN=B07VGRJDFY	1	2022-10-13T00:00:00.000Z
